{
  "baseline_b_bill": 1598.281093919725,
  "baseline_a_bill": 1218.972230139425,
  "our_bill": 1359.9084610377424,
  "oracle_bill": 1212.560407573445,
  "savings_vs_a_eur": -140.9362308983175,
  "savings_vs_a_pct": -11.561890206653628,
  "savings_vs_b_eur": 238.37263288198255,
  "savings_vs_b_pct": 14.914312243873356,
  "oracle_gap_eur": 147.34805346429744,
  "oracle_gap_pct": 2298.0681693548645,
  "forecast": {
    "RMSE": 0.7178991982801475,
    "MAE": 0.4861689730954004,
    "NRMSE": 48.6385588268215
  },
  "horizon_sensitivity": [
    {
      "H": 4,
      "bill": 1601.3739402159028,
      "time_s": 93.89945411682129
    },
    {
      "H": 24,
      "bill": 1432.0945863230547,
      "time_s": 143.3814618587494
    },
    {
      "H": 48,
      "bill": 1366.0659169932114,
      "time_s": 163.38065719604492
    },
    {
      "H": 96,
      "bill": 1359.9084610377424
    }
  ]
}