{"April": -18.80700926356683, "September": 0.9130894460411234}